,date,cod_ine,region,total
0,2020-03-04,1,Andalucía,0
1,2020-03-05,1,Andalucía,0
2,2020-03-06,1,Andalucía,0
3,2020-03-07,1,Andalucía,0
4,2020-03-08,1,Andalucía,0
5,2020-03-09,1,Andalucía,0
6,2020-03-10,1,Andalucía,0
7,2020-03-11,1,Andalucía,0
8,2020-03-12,1,Andalucía,0
9,2020-03-13,1,Andalucía,0
10,2020-03-14,1,Andalucía,2
11,2020-03-15,1,Andalucía,6
12,2020-03-16,1,Andalucía,7
13,2020-03-17,1,Andalucía,11
14,2020-03-18,1,Andalucía,19
15,2020-03-19,1,Andalucía,23
16,2020-03-20,1,Andalucía,30
17,2020-03-21,1,Andalucía,40
18,2020-03-22,1,Andalucía,47
19,2020-03-23,1,Andalucía,58
20,2020-03-24,1,Andalucía,87
21,2020-03-25,1,Andalucía,113
22,2020-03-26,1,Andalucía,134
23,2020-03-27,1,Andalucía,144
24,2020-03-28,1,Andalucía,175
25,2020-03-29,1,Andalucía,207
26,2020-03-30,1,Andalucía,236
27,2020-03-31,1,Andalucía,248
28,2020-04-01,1,Andalucía,308
29,2020-04-02,1,Andalucía,343
30,2020-04-03,1,Andalucía,376
31,2020-04-04,1,Andalucía,426
32,2020-04-05,1,Andalucía,470
33,2020-04-06,1,Andalucía,491
34,2020-04-07,1,Andalucía,528
35,2020-04-08,1,Andalucía,605
36,2020-04-09,1,Andalucía,652
37,2020-04-10,1,Andalucía,691
38,2020-04-11,1,Andalucía,737
39,2020-04-12,1,Andalucía,799
40,2020-04-13,1,Andalucía,815
41,2020-04-14,1,Andalucía,836
42,2020-04-15,1,Andalucía,865
43,2020-04-16,1,Andalucía,912
44,2020-04-17,1,Andalucía,940
45,2020-04-18,1,Andalucía,967
46,2020-04-19,1,Andalucía,993
47,2020-04-20,1,Andalucía,1013
48,2020-04-21,1,Andalucía,1017
49,2020-04-22,1,Andalucía,1050
50,2020-04-23,1,Andalucía,1079
51,2020-04-24,1,Andalucía,1107
52,2020-04-25,1,Andalucía,1131
53,2020-04-26,1,Andalucía,1145
54,2020-04-27,1,Andalucía,1157
55,2020-04-28,1,Andalucía,1168
56,2020-04-29,1,Andalucía,1188
57,2020-04-30,1,Andalucía,1207
58,2020-05-01,1,Andalucía,1238
59,2020-05-02,1,Andalucía,1253
60,2020-05-03,1,Andalucía,1256
61,2020-05-04,1,Andalucía,1263
62,2020-05-05,1,Andalucía,1267
63,2020-05-06,1,Andalucía,1281
64,2020-05-07,1,Andalucía,1294
65,2020-05-08,1,Andalucía,1301
66,2020-05-09,1,Andalucía,1317
67,2020-05-10,1,Andalucía,1320
68,2020-05-11,1,Andalucía,1322
69,2020-05-12,1,Andalucía,1326
70,2020-05-13,1,Andalucía,1332
71,2020-05-14,1,Andalucía,1336
72,2020-05-15,1,Andalucía,1344
73,2020-05-16,1,Andalucía,1355
74,2020-05-17,1,Andalucía,1358
75,2020-05-18,1,Andalucía,1358
76,2020-05-19,1,Andalucía,1367
77,2020-05-20,1,Andalucía,1371
78,2020-05-21,1,Andalucía,1375
79,2020-05-22,1,Andalucía,1377
80,2020-05-23,1,Andalucía,1389
81,2020-05-24,1,Andalucía,1391
82,2020-03-04,2,Aragón,0
83,2020-03-05,2,Aragón,0
84,2020-03-06,2,Aragón,1
85,2020-03-07,2,Aragón,1
86,2020-03-08,2,Aragón,2
87,2020-03-09,2,Aragón,3
88,2020-03-10,2,Aragón,4
89,2020-03-11,2,Aragón,4
90,2020-03-12,2,Aragón,6
91,2020-03-13,2,Aragón,7
92,2020-03-14,2,Aragón,7
93,2020-03-15,2,Aragón,7
94,2020-03-16,2,Aragón,11
95,2020-03-17,2,Aragón,12
96,2020-03-18,2,Aragón,13
97,2020-03-19,2,Aragón,15
98,2020-03-20,2,Aragón,17
99,2020-03-21,2,Aragón,22
100,2020-03-22,2,Aragón,24
101,2020-03-23,2,Aragón,32
102,2020-03-24,2,Aragón,37
103,2020-03-25,2,Aragón,40
104,2020-03-26,2,Aragón,48
105,2020-03-27,2,Aragón,58
106,2020-03-28,2,Aragón,93
107,2020-03-29,2,Aragón,104
108,2020-03-30,2,Aragón,106
109,2020-03-31,2,Aragón,138
110,2020-04-01,2,Aragón,169
111,2020-04-02,2,Aragón,200
112,2020-04-03,2,Aragón,224
113,2020-04-04,2,Aragón,251
114,2020-04-05,2,Aragón,270
115,2020-04-06,2,Aragón,284
116,2020-04-07,2,Aragón,312
117,2020-04-08,2,Aragón,349
118,2020-04-09,2,Aragón,385
119,2020-04-10,2,Aragón,409
120,2020-04-11,2,Aragón,425
121,2020-04-12,2,Aragón,450
122,2020-04-13,2,Aragón,464
123,2020-04-14,2,Aragón,492
124,2020-04-15,2,Aragón,514
125,2020-04-16,2,Aragón,543
126,2020-04-17,2,Aragón,562
127,2020-04-18,2,Aragón,601
128,2020-04-19,2,Aragón,619
129,2020-04-20,2,Aragón,637
130,2020-04-21,2,Aragón,643
131,2020-04-22,2,Aragón,656
132,2020-04-23,2,Aragón,681
133,2020-04-24,2,Aragón,695
134,2020-04-25,2,Aragón,709
135,2020-04-26,2,Aragón,712
136,2020-04-27,2,Aragón,726
137,2020-04-28,2,Aragón,735
138,2020-04-29,2,Aragón,736
139,2020-04-30,2,Aragón,739
140,2020-05-01,2,Aragón,749
141,2020-05-02,2,Aragón,761
142,2020-05-03,2,Aragón,761
143,2020-05-04,2,Aragón,762
144,2020-05-05,2,Aragón,770
145,2020-05-06,2,Aragón,788
146,2020-05-07,2,Aragón,800
147,2020-05-08,2,Aragón,815
148,2020-05-09,2,Aragón,823
149,2020-05-10,2,Aragón,824
150,2020-05-11,2,Aragón,825
151,2020-05-12,2,Aragón,828
152,2020-05-13,2,Aragón,829
153,2020-05-14,2,Aragón,836
154,2020-05-15,2,Aragón,837
155,2020-05-16,2,Aragón,838
156,2020-05-17,2,Aragón,838
157,2020-05-18,2,Aragón,838
158,2020-05-19,2,Aragón,843
159,2020-05-20,2,Aragón,847
160,2020-05-21,2,Aragón,848
161,2020-05-22,2,Aragón,858
162,2020-05-23,2,Aragón,858
163,2020-05-24,2,Aragón,858
164,2020-03-04,3,Asturias,0
165,2020-03-05,3,Asturias,0
166,2020-03-06,3,Asturias,0
167,2020-03-07,3,Asturias,0
168,2020-03-08,3,Asturias,0
169,2020-03-09,3,Asturias,0
170,2020-03-10,3,Asturias,0
171,2020-03-11,3,Asturias,0
172,2020-03-12,3,Asturias,0
173,2020-03-13,3,Asturias,1
174,2020-03-14,3,Asturias,2
175,2020-03-15,3,Asturias,2
176,2020-03-16,3,Asturias,2
177,2020-03-17,3,Asturias,2
178,2020-03-18,3,Asturias,2
179,2020-03-19,3,Asturias,2
180,2020-03-20,3,Asturias,4
181,2020-03-21,3,Asturias,7
182,2020-03-22,3,Asturias,12
183,2020-03-23,3,Asturias,22
184,2020-03-24,3,Asturias,26
185,2020-03-25,3,Asturias,29
186,2020-03-26,3,Asturias,29
187,2020-03-27,3,Asturias,39
188,2020-03-28,3,Asturias,44
189,2020-03-29,3,Asturias,47
190,2020-03-30,3,Asturias,59
191,2020-03-31,3,Asturias,66
192,2020-04-01,3,Asturias,75
193,2020-04-02,3,Asturias,76
194,2020-04-03,3,Asturias,80
195,2020-04-04,3,Asturias,83
196,2020-04-05,3,Asturias,87
197,2020-04-06,3,Asturias,93
198,2020-04-07,3,Asturias,101
199,2020-04-08,3,Asturias,107
200,2020-04-09,3,Asturias,113
201,2020-04-10,3,Asturias,129
202,2020-04-11,3,Asturias,134
203,2020-04-12,3,Asturias,150
204,2020-04-13,3,Asturias,157
205,2020-04-14,3,Asturias,165
206,2020-04-15,3,Asturias,172
207,2020-04-16,3,Asturias,176
208,2020-04-17,3,Asturias,186
209,2020-04-18,3,Asturias,190
210,2020-04-19,3,Asturias,197
211,2020-04-20,3,Asturias,199
212,2020-04-21,3,Asturias,203
213,2020-04-22,3,Asturias,211
214,2020-04-23,3,Asturias,222
215,2020-04-24,3,Asturias,228
216,2020-04-25,3,Asturias,235
217,2020-04-26,3,Asturias,243
218,2020-04-27,3,Asturias,248
219,2020-04-28,3,Asturias,252
220,2020-04-29,3,Asturias,259
221,2020-04-30,3,Asturias,263
222,2020-05-01,3,Asturias,264
223,2020-05-02,3,Asturias,270
224,2020-05-03,3,Asturias,270
225,2020-05-04,3,Asturias,274
226,2020-05-05,3,Asturias,275
227,2020-05-06,3,Asturias,278
228,2020-05-07,3,Asturias,279
229,2020-05-08,3,Asturias,280
230,2020-05-09,3,Asturias,280
231,2020-05-10,3,Asturias,283
232,2020-05-11,3,Asturias,288
233,2020-05-12,3,Asturias,290
234,2020-05-13,3,Asturias,292
235,2020-05-14,3,Asturias,293
236,2020-05-15,3,Asturias,298
237,2020-05-16,3,Asturias,299
238,2020-05-17,3,Asturias,299
239,2020-05-18,3,Asturias,301
240,2020-05-19,3,Asturias,303
241,2020-05-20,3,Asturias,304
242,2020-05-21,3,Asturias,307
243,2020-05-22,3,Asturias,307
244,2020-05-23,3,Asturias,307
245,2020-05-24,3,Asturias,308
246,2020-03-04,4,Baleares,0
247,2020-03-05,4,Baleares,0
248,2020-03-06,4,Baleares,0
249,2020-03-07,4,Baleares,0
250,2020-03-08,4,Baleares,0
251,2020-03-09,4,Baleares,0
252,2020-03-10,4,Baleares,0
253,2020-03-11,4,Baleares,0
254,2020-03-12,4,Baleares,1
255,2020-03-13,4,Baleares,1
256,2020-03-14,4,Baleares,1
257,2020-03-15,4,Baleares,1
258,2020-03-16,4,Baleares,1
259,2020-03-17,4,Baleares,1
260,2020-03-18,4,Baleares,1
261,2020-03-19,4,Baleares,2
262,2020-03-20,4,Baleares,2
263,2020-03-21,4,Baleares,4
264,2020-03-22,4,Baleares,4
265,2020-03-23,4,Baleares,10
266,2020-03-24,4,Baleares,10
267,2020-03-25,4,Baleares,13
268,2020-03-26,4,Baleares,17
269,2020-03-27,4,Baleares,22
270,2020-03-28,4,Baleares,26
271,2020-03-29,4,Baleares,29
272,2020-03-30,4,Baleares,37
273,2020-03-31,4,Baleares,42
274,2020-04-01,4,Baleares,46
275,2020-04-02,4,Baleares,58
276,2020-04-03,4,Baleares,69
277,2020-04-04,4,Baleares,71
278,2020-04-05,4,Baleares,75
279,2020-04-06,4,Baleares,81
280,2020-04-07,4,Baleares,84
281,2020-04-08,4,Baleares,89
282,2020-04-09,4,Baleares,89
283,2020-04-10,4,Baleares,97
284,2020-04-11,4,Baleares,102
285,2020-04-12,4,Baleares,112
286,2020-04-13,4,Baleares,117
287,2020-04-14,4,Baleares,118
288,2020-04-15,4,Baleares,125
289,2020-04-16,4,Baleares,131
290,2020-04-17,4,Baleares,134
291,2020-04-18,4,Baleares,148
292,2020-04-19,4,Baleares,155
293,2020-04-20,4,Baleares,157
294,2020-04-21,4,Baleares,161
295,2020-04-22,4,Baleares,164
296,2020-04-23,4,Baleares,168
297,2020-04-24,4,Baleares,172
298,2020-04-25,4,Baleares,174
299,2020-04-26,4,Baleares,175
300,2020-04-27,4,Baleares,179
301,2020-04-28,4,Baleares,181
302,2020-04-29,4,Baleares,185
303,2020-04-30,4,Baleares,188
304,2020-05-01,4,Baleares,193
305,2020-05-02,4,Baleares,197
306,2020-05-03,4,Baleares,197
307,2020-05-04,4,Baleares,197
308,2020-05-05,4,Baleares,198
309,2020-05-06,4,Baleares,199
310,2020-05-07,4,Baleares,201
311,2020-05-08,4,Baleares,202
312,2020-05-09,4,Baleares,207
313,2020-05-10,4,Baleares,209
314,2020-05-11,4,Baleares,209
315,2020-05-12,4,Baleares,210
316,2020-05-13,4,Baleares,215
317,2020-05-14,4,Baleares,216
318,2020-05-15,4,Baleares,216
319,2020-05-16,4,Baleares,216
320,2020-05-17,4,Baleares,218
321,2020-05-18,4,Baleares,218
322,2020-05-19,4,Baleares,219
323,2020-05-20,4,Baleares,221
324,2020-05-21,4,Baleares,221
325,2020-05-22,4,Baleares,222
326,2020-05-23,4,Baleares,222
327,2020-05-24,4,Baleares,222
328,2020-03-04,5,Canarias,0
329,2020-03-05,5,Canarias,0
330,2020-03-06,5,Canarias,0
331,2020-03-07,5,Canarias,0
332,2020-03-08,5,Canarias,0
333,2020-03-09,5,Canarias,0
334,2020-03-10,5,Canarias,0
335,2020-03-11,5,Canarias,0
336,2020-03-12,5,Canarias,0
337,2020-03-13,5,Canarias,0
338,2020-03-14,5,Canarias,1
339,2020-03-15,5,Canarias,1
340,2020-03-16,5,Canarias,1
341,2020-03-17,5,Canarias,2
342,2020-03-18,5,Canarias,3
343,2020-03-19,5,Canarias,3
344,2020-03-20,5,Canarias,4
345,2020-03-21,5,Canarias,7
346,2020-03-22,5,Canarias,9
347,2020-03-23,5,Canarias,11
348,2020-03-24,5,Canarias,16
349,2020-03-25,5,Canarias,21
350,2020-03-26,5,Canarias,24
351,2020-03-27,5,Canarias,27
352,2020-03-28,5,Canarias,36
353,2020-03-29,5,Canarias,39
354,2020-03-30,5,Canarias,40
355,2020-03-31,5,Canarias,55
356,2020-04-01,5,Canarias,62
357,2020-04-02,5,Canarias,68
358,2020-04-03,5,Canarias,73
359,2020-04-04,5,Canarias,78
360,2020-04-05,5,Canarias,80
361,2020-04-06,5,Canarias,85
362,2020-04-07,5,Canarias,89
363,2020-04-08,5,Canarias,91
364,2020-04-09,5,Canarias,92
365,2020-04-10,5,Canarias,94
366,2020-04-11,5,Canarias,95
367,2020-04-12,5,Canarias,95
368,2020-04-13,5,Canarias,96
369,2020-04-14,5,Canarias,102
370,2020-04-15,5,Canarias,104
371,2020-04-16,5,Canarias,107
372,2020-04-17,5,Canarias,111
373,2020-04-18,5,Canarias,115
374,2020-04-19,5,Canarias,119
375,2020-04-20,5,Canarias,119
376,2020-04-21,5,Canarias,120
377,2020-04-22,5,Canarias,121
378,2020-04-23,5,Canarias,121
379,2020-04-24,5,Canarias,128
380,2020-04-25,5,Canarias,130
381,2020-04-26,5,Canarias,131
382,2020-04-27,5,Canarias,131
383,2020-04-28,5,Canarias,133
384,2020-04-29,5,Canarias,134
385,2020-04-30,5,Canarias,135
386,2020-05-01,5,Canarias,136
387,2020-05-02,5,Canarias,140
388,2020-05-03,5,Canarias,140
389,2020-05-04,5,Canarias,141
390,2020-05-05,5,Canarias,142
391,2020-05-06,5,Canarias,143
392,2020-05-07,5,Canarias,144
393,2020-05-08,5,Canarias,148
394,2020-05-09,5,Canarias,148
395,2020-05-10,5,Canarias,148
396,2020-05-11,5,Canarias,149
397,2020-05-12,5,Canarias,151
398,2020-05-13,5,Canarias,151
399,2020-05-14,5,Canarias,151
400,2020-05-15,5,Canarias,151
401,2020-05-16,5,Canarias,151
402,2020-05-17,5,Canarias,151
403,2020-05-18,5,Canarias,153
404,2020-05-19,5,Canarias,155
405,2020-05-20,5,Canarias,155
406,2020-05-21,5,Canarias,155
407,2020-05-22,5,Canarias,155
408,2020-05-23,5,Canarias,157
409,2020-05-24,5,Canarias,157
410,2020-03-04,6,Cantabria,0
411,2020-03-05,6,Cantabria,0
412,2020-03-06,6,Cantabria,0
413,2020-03-07,6,Cantabria,0
414,2020-03-08,6,Cantabria,0
415,2020-03-09,6,Cantabria,0
416,2020-03-10,6,Cantabria,0
417,2020-03-11,6,Cantabria,0
418,2020-03-12,6,Cantabria,0
419,2020-03-13,6,Cantabria,0
420,2020-03-14,6,Cantabria,0
421,2020-03-15,6,Cantabria,0
422,2020-03-16,6,Cantabria,0
423,2020-03-17,6,Cantabria,0
424,2020-03-18,6,Cantabria,1
425,2020-03-19,6,Cantabria,1
426,2020-03-20,6,Cantabria,1
427,2020-03-21,6,Cantabria,2
428,2020-03-22,6,Cantabria,5
429,2020-03-23,6,Cantabria,6
430,2020-03-24,6,Cantabria,9
431,2020-03-25,6,Cantabria,14
432,2020-03-26,6,Cantabria,17
433,2020-03-27,6,Cantabria,21
434,2020-03-28,6,Cantabria,22
435,2020-03-29,6,Cantabria,26
436,2020-03-30,6,Cantabria,27
437,2020-03-31,6,Cantabria,37
438,2020-04-01,6,Cantabria,54
439,2020-04-02,6,Cantabria,60
440,2020-04-03,6,Cantabria,64
441,2020-04-04,6,Cantabria,68
442,2020-04-05,6,Cantabria,68
443,2020-04-06,6,Cantabria,77
444,2020-04-07,6,Cantabria,85
445,2020-04-08,6,Cantabria,92
446,2020-04-09,6,Cantabria,98
447,2020-04-10,6,Cantabria,102
448,2020-04-11,6,Cantabria,107
449,2020-04-12,6,Cantabria,110
450,2020-04-13,6,Cantabria,117
451,2020-04-14,6,Cantabria,120
452,2020-04-15,6,Cantabria,132
453,2020-04-16,6,Cantabria,137
454,2020-04-17,6,Cantabria,144
455,2020-04-18,6,Cantabria,149
456,2020-04-19,6,Cantabria,153
457,2020-04-20,6,Cantabria,158
458,2020-04-21,6,Cantabria,165
459,2020-04-22,6,Cantabria,167
460,2020-04-23,6,Cantabria,173
461,2020-04-24,6,Cantabria,178
462,2020-04-25,6,Cantabria,182
463,2020-04-26,6,Cantabria,183
464,2020-04-27,6,Cantabria,186
465,2020-04-28,6,Cantabria,188
466,2020-04-29,6,Cantabria,191
467,2020-04-30,6,Cantabria,191
468,2020-05-01,6,Cantabria,192
469,2020-05-02,6,Cantabria,193
470,2020-05-03,6,Cantabria,195
471,2020-05-04,6,Cantabria,197
472,2020-05-05,6,Cantabria,198
473,2020-05-06,6,Cantabria,199
474,2020-05-07,6,Cantabria,200
475,2020-05-08,6,Cantabria,201
476,2020-05-09,6,Cantabria,201
477,2020-05-10,6,Cantabria,201
478,2020-05-11,6,Cantabria,201
479,2020-05-12,6,Cantabria,203
480,2020-05-13,6,Cantabria,205
481,2020-05-14,6,Cantabria,205
482,2020-05-15,6,Cantabria,206
483,2020-05-16,6,Cantabria,206
484,2020-05-17,6,Cantabria,207
485,2020-05-18,6,Cantabria,207
486,2020-05-19,6,Cantabria,208
487,2020-05-20,6,Cantabria,209
488,2020-05-21,6,Cantabria,209
489,2020-05-22,6,Cantabria,209
490,2020-05-23,6,Cantabria,209
491,2020-05-24,6,Cantabria,209
492,2020-03-04,8,Castilla La Mancha,0
493,2020-03-05,8,Castilla La Mancha,0
494,2020-03-06,8,Castilla La Mancha,0
495,2020-03-07,8,Castilla La Mancha,0
496,2020-03-08,8,Castilla La Mancha,0
497,2020-03-09,8,Castilla La Mancha,0
498,2020-03-10,8,Castilla La Mancha,0
499,2020-03-11,8,Castilla La Mancha,0
500,2020-03-12,8,Castilla La Mancha,1
501,2020-03-13,8,Castilla La Mancha,5
502,2020-03-14,8,Castilla La Mancha,6
503,2020-03-15,8,Castilla La Mancha,10
504,2020-03-16,8,Castilla La Mancha,17
505,2020-03-17,8,Castilla La Mancha,17
506,2020-03-18,8,Castilla La Mancha,28
507,2020-03-19,8,Castilla La Mancha,42
508,2020-03-20,8,Castilla La Mancha,42
509,2020-03-21,8,Castilla La Mancha,84
510,2020-03-22,8,Castilla La Mancha,112
511,2020-03-23,8,Castilla La Mancha,145
512,2020-03-24,8,Castilla La Mancha,216
513,2020-03-25,8,Castilla La Mancha,263
514,2020-03-26,8,Castilla La Mancha,316
515,2020-03-27,8,Castilla La Mancha,367
516,2020-03-28,8,Castilla La Mancha,448
517,2020-03-29,8,Castilla La Mancha,539
518,2020-03-30,8,Castilla La Mancha,622
519,2020-03-31,8,Castilla La Mancha,708
520,2020-04-01,8,Castilla La Mancha,774
521,2020-04-02,8,Castilla La Mancha,854
522,2020-04-03,8,Castilla La Mancha,916
523,2020-04-04,8,Castilla La Mancha,989
524,2020-04-05,8,Castilla La Mancha,1055
525,2020-04-06,8,Castilla La Mancha,1132
526,2020-04-07,8,Castilla La Mancha,1177
527,2020-04-08,8,Castilla La Mancha,1255
528,2020-04-09,8,Castilla La Mancha,1322
529,2020-04-10,8,Castilla La Mancha,1431
530,2020-04-11,8,Castilla La Mancha,1483
531,2020-04-12,8,Castilla La Mancha,1543
532,2020-04-13,8,Castilla La Mancha,1626
533,2020-04-14,8,Castilla La Mancha,1714
534,2020-04-15,8,Castilla La Mancha,1755
535,2020-04-16,8,Castilla La Mancha,1796
536,2020-04-17,8,Castilla La Mancha,1852
537,2020-04-18,8,Castilla La Mancha,1913
538,2020-04-19,8,Castilla La Mancha,1963
539,2020-04-20,8,Castilla La Mancha,2021
540,2020-04-21,8,Castilla La Mancha,2075
541,2020-04-22,8,Castilla La Mancha,2140
542,2020-04-23,8,Castilla La Mancha,2188
543,2020-04-24,8,Castilla La Mancha,2255
544,2020-04-25,8,Castilla La Mancha,2292
545,2020-04-26,8,Castilla La Mancha,2330
546,2020-04-27,8,Castilla La Mancha,2365
547,2020-04-28,8,Castilla La Mancha,2396
548,2020-04-29,8,Castilla La Mancha,2436
549,2020-04-30,8,Castilla La Mancha,2463
550,2020-05-01,8,Castilla La Mancha,2498
551,2020-05-02,8,Castilla La Mancha,2534
552,2020-05-03,8,Castilla La Mancha,2565
553,2020-05-04,8,Castilla La Mancha,2590
554,2020-05-05,8,Castilla La Mancha,2616
555,2020-05-06,8,Castilla La Mancha,2647
556,2020-05-07,8,Castilla La Mancha,2677
557,2020-05-08,8,Castilla La Mancha,2713
558,2020-05-09,8,Castilla La Mancha,2738
559,2020-05-10,8,Castilla La Mancha,2759
560,2020-05-11,8,Castilla La Mancha,2786
561,2020-05-12,8,Castilla La Mancha,2811
562,2020-05-13,8,Castilla La Mancha,2835
563,2020-05-14,8,Castilla La Mancha,2852
564,2020-05-15,8,Castilla La Mancha,2870
565,2020-05-16,8,Castilla La Mancha,2883
566,2020-05-17,8,Castilla La Mancha,2893
567,2020-05-18,8,Castilla La Mancha,2898
568,2020-05-19,8,Castilla La Mancha,2900
569,2020-05-20,8,Castilla La Mancha,2913
570,2020-05-21,8,Castilla La Mancha,2919
571,2020-05-22,8,Castilla La Mancha,2929
572,2020-05-23,8,Castilla La Mancha,2934
573,2020-05-24,8,Castilla La Mancha,2940
574,2020-03-04,7,Castilla y León,0
575,2020-03-05,7,Castilla y León,0
576,2020-03-06,7,Castilla y León,0
577,2020-03-07,7,Castilla y León,0
578,2020-03-08,7,Castilla y León,0
579,2020-03-09,7,Castilla y León,0
580,2020-03-10,7,Castilla y León,0
581,2020-03-11,7,Castilla y León,0
582,2020-03-12,7,Castilla y León,0
583,2020-03-13,7,Castilla y León,1
584,2020-03-14,7,Castilla y León,3
585,2020-03-15,7,Castilla y León,6
586,2020-03-16,7,Castilla y León,9
587,2020-03-17,7,Castilla y León,12
588,2020-03-18,7,Castilla y León,22
589,2020-03-19,7,Castilla y León,29
590,2020-03-20,7,Castilla y León,43
591,2020-03-21,7,Castilla y León,55
592,2020-03-22,7,Castilla y León,74
593,2020-03-23,7,Castilla y León,102
594,2020-03-24,7,Castilla y León,124
595,2020-03-25,7,Castilla y León,165
596,2020-03-26,7,Castilla y León,206
597,2020-03-27,7,Castilla y León,252
598,2020-03-28,7,Castilla y León,321
599,2020-03-29,7,Castilla y León,380
600,2020-03-30,7,Castilla y León,442
601,2020-03-31,7,Castilla y León,516
602,2020-04-01,7,Castilla y León,585
603,2020-04-02,7,Castilla y León,641
604,2020-04-03,7,Castilla y León,723
605,2020-04-04,7,Castilla y León,786
606,2020-04-05,7,Castilla y León,847
607,2020-04-06,7,Castilla y León,919
608,2020-04-07,7,Castilla y León,982
609,2020-04-08,7,Castilla y León,1028
610,2020-04-09,7,Castilla y León,1082
611,2020-04-10,7,Castilla y León,1129
612,2020-04-11,7,Castilla y León,1180
613,2020-04-12,7,Castilla y León,1221
614,2020-04-13,7,Castilla y León,1263
615,2020-04-14,7,Castilla y León,1299
616,2020-04-15,7,Castilla y León,1337
617,2020-04-16,7,Castilla y León,1372
618,2020-04-17,7,Castilla y León,1401
619,2020-04-18,7,Castilla y León,1429
620,2020-04-19,7,Castilla y León,1458
621,2020-04-20,7,Castilla y León,1493
622,2020-04-21,7,Castilla y León,1521
623,2020-04-22,7,Castilla y León,1554
624,2020-04-23,7,Castilla y León,1582
625,2020-04-24,7,Castilla y León,1612
626,2020-04-25,7,Castilla y León,1639
627,2020-04-26,7,Castilla y León,1666
628,2020-04-27,7,Castilla y León,1690
629,2020-04-28,7,Castilla y León,1710
630,2020-04-29,7,Castilla y León,1736
631,2020-04-30,7,Castilla y León,1752
632,2020-05-01,7,Castilla y León,1770
633,2020-05-02,7,Castilla y León,1788
634,2020-05-03,7,Castilla y León,1800
635,2020-05-04,7,Castilla y León,1818
636,2020-05-05,7,Castilla y León,1832
637,2020-05-06,7,Castilla y León,1847
638,2020-05-07,7,Castilla y León,1864
639,2020-05-08,7,Castilla y León,1876
640,2020-05-09,7,Castilla y León,1885
641,2020-05-10,7,Castilla y León,1897
642,2020-05-11,7,Castilla y León,1905
643,2020-05-12,7,Castilla y León,1914
644,2020-05-13,7,Castilla y León,1919
645,2020-05-14,7,Castilla y León,1925
646,2020-05-15,7,Castilla y León,1930
647,2020-05-16,7,Castilla y León,1940
648,2020-05-17,7,Castilla y León,1946
649,2020-05-18,7,Castilla y León,1953
650,2020-05-19,7,Castilla y León,1960
651,2020-05-20,7,Castilla y León,1960
652,2020-05-21,7,Castilla y León,1960
653,2020-05-22,7,Castilla y León,1961
654,2020-05-23,7,Castilla y León,1961
655,2020-05-24,7,Castilla y León,1961
656,2020-03-04,9,Cataluña,0
657,2020-03-05,9,Cataluña,0
658,2020-03-06,9,Cataluña,0
659,2020-03-07,9,Cataluña,1
660,2020-03-08,9,Cataluña,1
661,2020-03-09,9,Cataluña,2
662,2020-03-10,9,Cataluña,2
663,2020-03-11,9,Cataluña,3
664,2020-03-12,9,Cataluña,6
665,2020-03-13,9,Cataluña,9
666,2020-03-14,9,Cataluña,13
667,2020-03-15,9,Cataluña,15
668,2020-03-16,9,Cataluña,20
669,2020-03-17,9,Cataluña,23
670,2020-03-18,9,Cataluña,33
671,2020-03-19,9,Cataluña,53
672,2020-03-20,9,Cataluña,93
673,2020-03-21,9,Cataluña,143
674,2020-03-22,9,Cataluña,182
675,2020-03-23,9,Cataluña,199
676,2020-03-24,9,Cataluña,293
677,2020-03-25,9,Cataluña,385
678,2020-03-26,9,Cataluña,501
679,2020-03-27,9,Cataluña,685
680,2020-03-28,9,Cataluña,827
681,2020-03-29,9,Cataluña,904
682,2020-03-30,9,Cataluña,983
683,2020-03-31,9,Cataluña,1216
684,2020-04-01,9,Cataluña,1458
685,2020-04-02,9,Cataluña,1629
686,2020-04-03,9,Cataluña,1784
687,2020-04-04,9,Cataluña,1928
688,2020-04-05,9,Cataluña,2053
689,2020-04-06,9,Cataluña,2167
690,2020-04-07,9,Cataluña,2329
691,2020-04-08,9,Cataluña,2462
692,2020-04-09,9,Cataluña,2667
693,2020-04-10,9,Cataluña,2787
694,2020-04-11,9,Cataluña,2877
695,2020-04-12,9,Cataluña,2975
696,2020-04-13,9,Cataluña,3105
697,2020-04-14,9,Cataluña,3201
698,2020-04-15,9,Cataluña,3453
699,2020-04-16,9,Cataluña,3618
700,2020-04-17,9,Cataluña,3752
701,2020-04-18,9,Cataluña,3879
702,2020-04-19,9,Cataluña,3933
703,2020-04-20,9,Cataluña,4009
704,2020-04-21,9,Cataluña,4152
705,2020-04-22,9,Cataluña,4247
706,2020-04-23,9,Cataluña,4343
707,2020-04-24,9,Cataluña,4393
708,2020-04-25,9,Cataluña,4498
709,2020-04-26,9,Cataluña,4566
710,2020-04-27,9,Cataluña,4699
711,2020-04-28,9,Cataluña,4808
712,2020-04-29,9,Cataluña,4905
713,2020-04-30,9,Cataluña,4975
714,2020-05-01,9,Cataluña,5061
715,2020-05-02,9,Cataluña,5137
716,2020-05-03,9,Cataluña,5185
717,2020-05-04,9,Cataluña,5220
718,2020-05-05,9,Cataluña,5270
719,2020-05-06,9,Cataluña,5345
720,2020-05-07,9,Cataluña,5394
721,2020-05-08,9,Cataluña,5471
722,2020-05-09,9,Cataluña,5507
723,2020-05-10,9,Cataluña,5532
724,2020-05-11,9,Cataluña,5555
725,2020-05-12,9,Cataluña,5621
726,2020-05-13,9,Cataluña,5692
727,2020-05-14,9,Cataluña,5823
728,2020-05-15,9,Cataluña,5882
729,2020-05-16,9,Cataluña,5915
730,2020-05-17,9,Cataluña,5944
731,2020-05-18,9,Cataluña,5956
732,2020-05-19,9,Cataluña,5981
733,2020-05-20,9,Cataluña,6021
734,2020-05-21,9,Cataluña,6021
735,2020-05-22,9,Cataluña,6656
736,2020-05-23,9,Cataluña,6663
737,2020-05-24,9,Cataluña,6701
738,2020-03-04,18,Ceuta,0
739,2020-03-05,18,Ceuta,0
740,2020-03-06,18,Ceuta,0
741,2020-03-07,18,Ceuta,0
742,2020-03-08,18,Ceuta,0
743,2020-03-09,18,Ceuta,0
744,2020-03-10,18,Ceuta,0
745,2020-03-11,18,Ceuta,0
746,2020-03-12,18,Ceuta,0
747,2020-03-13,18,Ceuta,0
748,2020-03-14,18,Ceuta,0
749,2020-03-15,18,Ceuta,0
750,2020-03-16,18,Ceuta,0
751,2020-03-17,18,Ceuta,0
752,2020-03-18,18,Ceuta,0
753,2020-03-19,18,Ceuta,0
754,2020-03-20,18,Ceuta,0
755,2020-03-21,18,Ceuta,0
756,2020-03-22,18,Ceuta,0
757,2020-03-23,18,Ceuta,0
758,2020-03-24,18,Ceuta,0
759,2020-03-25,18,Ceuta,0
760,2020-03-26,18,Ceuta,0
761,2020-03-27,18,Ceuta,0
762,2020-03-28,18,Ceuta,1
763,2020-03-29,18,Ceuta,1
764,2020-03-30,18,Ceuta,1
765,2020-03-31,18,Ceuta,1
766,2020-04-01,18,Ceuta,1
767,2020-04-02,18,Ceuta,1
768,2020-04-03,18,Ceuta,1
769,2020-04-04,18,Ceuta,1
770,2020-04-05,18,Ceuta,2
771,2020-04-06,18,Ceuta,3
772,2020-04-07,18,Ceuta,4
773,2020-04-08,18,Ceuta,4
774,2020-04-09,18,Ceuta,4
775,2020-04-10,18,Ceuta,4
776,2020-04-11,18,Ceuta,4
777,2020-04-12,18,Ceuta,4
778,2020-04-13,18,Ceuta,4
779,2020-04-14,18,Ceuta,4
780,2020-04-15,18,Ceuta,4
781,2020-04-16,18,Ceuta,4
782,2020-04-17,18,Ceuta,4
783,2020-04-18,18,Ceuta,4
784,2020-04-19,18,Ceuta,4
785,2020-04-20,18,Ceuta,4
786,2020-04-21,18,Ceuta,4
787,2020-04-22,18,Ceuta,4
788,2020-04-23,18,Ceuta,4
789,2020-04-24,18,Ceuta,4
790,2020-04-25,18,Ceuta,4
791,2020-04-26,18,Ceuta,4
792,2020-04-27,18,Ceuta,4
793,2020-04-28,18,Ceuta,4
794,2020-04-29,18,Ceuta,4
795,2020-04-30,18,Ceuta,4
796,2020-05-01,18,Ceuta,4
797,2020-05-02,18,Ceuta,4
798,2020-05-03,18,Ceuta,4
799,2020-05-04,18,Ceuta,4
800,2020-05-05,18,Ceuta,4
801,2020-05-06,18,Ceuta,4
802,2020-05-07,18,Ceuta,4
803,2020-05-08,18,Ceuta,4
804,2020-05-09,18,Ceuta,4
805,2020-05-10,18,Ceuta,4
806,2020-05-11,18,Ceuta,4
807,2020-05-12,18,Ceuta,4
808,2020-05-13,18,Ceuta,4
809,2020-05-14,18,Ceuta,4
810,2020-05-15,18,Ceuta,4
811,2020-05-16,18,Ceuta,4
812,2020-05-17,18,Ceuta,4
813,2020-05-18,18,Ceuta,4
814,2020-05-19,18,Ceuta,4
815,2020-05-20,18,Ceuta,4
816,2020-05-21,18,Ceuta,4
817,2020-05-22,18,Ceuta,4
818,2020-05-23,18,Ceuta,4
819,2020-05-24,18,Ceuta,4
820,2020-03-04,10,C. Valenciana,1
821,2020-03-05,10,C. Valenciana,1
822,2020-03-06,10,C. Valenciana,1
823,2020-03-07,10,C. Valenciana,1
824,2020-03-08,10,C. Valenciana,1
825,2020-03-09,10,C. Valenciana,1
826,2020-03-10,10,C. Valenciana,1
827,2020-03-11,10,C. Valenciana,1
828,2020-03-12,10,C. Valenciana,1
829,2020-03-13,10,C. Valenciana,1
830,2020-03-14,10,C. Valenciana,4
831,2020-03-15,10,C. Valenciana,5
832,2020-03-16,10,C. Valenciana,5
833,2020-03-17,10,C. Valenciana,13
834,2020-03-18,10,C. Valenciana,22
835,2020-03-19,10,C. Valenciana,24
836,2020-03-20,10,C. Valenciana,33
837,2020-03-21,10,C. Valenciana,50
838,2020-03-22,10,C. Valenciana,69
839,2020-03-23,10,C. Valenciana,94
840,2020-03-24,10,C. Valenciana,115
841,2020-03-25,10,C. Valenciana,143
842,2020-03-26,10,C. Valenciana,167
843,2020-03-27,10,C. Valenciana,198
844,2020-03-28,10,C. Valenciana,234
845,2020-03-29,10,C. Valenciana,267
846,2020-03-30,10,C. Valenciana,310
847,2020-03-31,10,C. Valenciana,339
848,2020-04-01,10,C. Valenciana,395
849,2020-04-02,10,C. Valenciana,443
850,2020-04-03,10,C. Valenciana,511
851,2020-04-04,10,C. Valenciana,571
852,2020-04-05,10,C. Valenciana,613
853,2020-04-06,10,C. Valenciana,637
854,2020-04-07,10,C. Valenciana,672
855,2020-04-08,10,C. Valenciana,724
856,2020-04-09,10,C. Valenciana,767
857,2020-04-10,10,C. Valenciana,796
858,2020-04-11,10,C. Valenciana,818
859,2020-04-12,10,C. Valenciana,838
860,2020-04-13,10,C. Valenciana,876
861,2020-04-14,10,C. Valenciana,907
862,2020-04-15,10,C. Valenciana,945
863,2020-04-16,10,C. Valenciana,972
864,2020-04-17,10,C. Valenciana,999
865,2020-04-18,10,C. Valenciana,1042
866,2020-04-19,10,C. Valenciana,1065
867,2020-04-20,10,C. Valenciana,1079
868,2020-04-21,10,C. Valenciana,1089
869,2020-04-22,10,C. Valenciana,1106
870,2020-04-23,10,C. Valenciana,1124
871,2020-04-24,10,C. Valenciana,1147
872,2020-04-25,10,C. Valenciana,1172
873,2020-04-26,10,C. Valenciana,1186
874,2020-04-27,10,C. Valenciana,1189
875,2020-04-28,10,C. Valenciana,1200
876,2020-04-29,10,C. Valenciana,1218
877,2020-04-30,10,C. Valenciana,1236
878,2020-05-01,10,C. Valenciana,1245
879,2020-05-02,10,C. Valenciana,1258
880,2020-05-03,10,C. Valenciana,1264
881,2020-05-04,10,C. Valenciana,1269
882,2020-05-05,10,C. Valenciana,1279
883,2020-05-06,10,C. Valenciana,1291
884,2020-05-07,10,C. Valenciana,1303
885,2020-05-08,10,C. Valenciana,1309
886,2020-05-09,10,C. Valenciana,1315
887,2020-05-10,10,C. Valenciana,1323
888,2020-05-11,10,C. Valenciana,1330
889,2020-05-12,10,C. Valenciana,1336
890,2020-05-13,10,C. Valenciana,1341
891,2020-05-14,10,C. Valenciana,1349
892,2020-05-15,10,C. Valenciana,1358
893,2020-05-16,10,C. Valenciana,1365
894,2020-05-17,10,C. Valenciana,1366
895,2020-05-18,10,C. Valenciana,1370
896,2020-05-19,10,C. Valenciana,1376
897,2020-05-20,10,C. Valenciana,1378
898,2020-05-21,10,C. Valenciana,1383
899,2020-05-22,10,C. Valenciana,1389
900,2020-05-23,10,C. Valenciana,1390
901,2020-05-24,10,C. Valenciana,1393
902,2020-03-04,11,Extremadura,0
903,2020-03-05,11,Extremadura,0
904,2020-03-06,11,Extremadura,0
905,2020-03-07,11,Extremadura,0
906,2020-03-08,11,Extremadura,1
907,2020-03-09,11,Extremadura,0
908,2020-03-10,11,Extremadura,0
909,2020-03-11,11,Extremadura,1
910,2020-03-12,11,Extremadura,1
911,2020-03-13,11,Extremadura,1
912,2020-03-14,11,Extremadura,2
913,2020-03-15,11,Extremadura,2
914,2020-03-16,11,Extremadura,2
915,2020-03-17,11,Extremadura,3
916,2020-03-18,11,Extremadura,6
917,2020-03-19,11,Extremadura,8
918,2020-03-20,11,Extremadura,10
919,2020-03-21,11,Extremadura,12
920,2020-03-22,11,Extremadura,14
921,2020-03-23,11,Extremadura,18
922,2020-03-24,11,Extremadura,26
923,2020-03-25,11,Extremadura,39
924,2020-03-26,11,Extremadura,58
925,2020-03-27,11,Extremadura,69
926,2020-03-28,11,Extremadura,88
927,2020-03-29,11,Extremadura,100
928,2020-03-30,11,Extremadura,106
929,2020-03-31,11,Extremadura,133
930,2020-04-01,11,Extremadura,152
931,2020-04-02,11,Extremadura,181
932,2020-04-03,11,Extremadura,200
933,2020-04-04,11,Extremadura,208
934,2020-04-05,11,Extremadura,218
935,2020-04-06,11,Extremadura,228
936,2020-04-07,11,Extremadura,258
937,2020-04-08,11,Extremadura,271
938,2020-04-09,11,Extremadura,283
939,2020-04-10,11,Extremadura,288
940,2020-04-11,11,Extremadura,303
941,2020-04-12,11,Extremadura,312
942,2020-04-13,11,Extremadura,321
943,2020-04-14,11,Extremadura,334
944,2020-04-15,11,Extremadura,342
945,2020-04-16,11,Extremadura,359
946,2020-04-17,11,Extremadura,372
947,2020-04-18,11,Extremadura,380
948,2020-04-19,11,Extremadura,384
949,2020-04-20,11,Extremadura,389
950,2020-04-21,11,Extremadura,397
951,2020-04-22,11,Extremadura,404
952,2020-04-23,11,Extremadura,407
953,2020-04-24,11,Extremadura,411
954,2020-04-25,11,Extremadura,416
955,2020-04-26,11,Extremadura,422
956,2020-04-27,11,Extremadura,428
957,2020-04-28,11,Extremadura,433
958,2020-04-29,11,Extremadura,440
959,2020-04-30,11,Extremadura,446
960,2020-05-01,11,Extremadura,451
961,2020-05-02,11,Extremadura,458
962,2020-05-03,11,Extremadura,460
963,2020-05-04,11,Extremadura,460
964,2020-05-05,11,Extremadura,462
965,2020-05-06,11,Extremadura,463
966,2020-05-07,11,Extremadura,467
967,2020-05-08,11,Extremadura,472
968,2020-05-09,11,Extremadura,477
969,2020-05-10,11,Extremadura,480
970,2020-05-11,11,Extremadura,483
971,2020-05-12,11,Extremadura,487
972,2020-05-13,11,Extremadura,489
973,2020-05-14,11,Extremadura,492
974,2020-05-15,11,Extremadura,494
975,2020-05-16,11,Extremadura,497
976,2020-05-17,11,Extremadura,500
977,2020-05-18,11,Extremadura,500
978,2020-05-19,11,Extremadura,504
979,2020-05-20,11,Extremadura,504
980,2020-05-21,11,Extremadura,505
981,2020-05-22,11,Extremadura,506
982,2020-05-23,11,Extremadura,507
983,2020-05-24,11,Extremadura,506
984,2020-03-04,12,Galicia,0
985,2020-03-05,12,Galicia,0
986,2020-03-06,12,Galicia,0
987,2020-03-07,12,Galicia,0
988,2020-03-08,12,Galicia,0
989,2020-03-09,12,Galicia,0
990,2020-03-10,12,Galicia,0
991,2020-03-11,12,Galicia,0
992,2020-03-12,12,Galicia,0
993,2020-03-13,12,Galicia,0
994,2020-03-14,12,Galicia,0
995,2020-03-15,12,Galicia,2
996,2020-03-16,12,Galicia,2
997,2020-03-17,12,Galicia,3
998,2020-03-18,12,Galicia,3
999,2020-03-19,12,Galicia,4
1000,2020-03-20,12,Galicia,5
1001,2020-03-21,12,Galicia,9
1002,2020-03-22,12,Galicia,12
1003,2020-03-23,12,Galicia,18
1004,2020-03-24,12,Galicia,20
1005,2020-03-25,12,Galicia,27
1006,2020-03-26,12,Galicia,32
1007,2020-03-27,12,Galicia,43
1008,2020-03-28,12,Galicia,47
1009,2020-03-29,12,Galicia,60
1010,2020-03-30,12,Galicia,66
1011,2020-03-31,12,Galicia,84
1012,2020-04-01,12,Galicia,103
1013,2020-04-02,12,Galicia,120
1014,2020-04-03,12,Galicia,138
1015,2020-04-04,12,Galicia,159
1016,2020-04-05,12,Galicia,174
1017,2020-04-06,12,Galicia,190
1018,2020-04-07,12,Galicia,204
1019,2020-04-08,12,Galicia,213
1020,2020-04-09,12,Galicia,231
1021,2020-04-10,12,Galicia,243
1022,2020-04-11,12,Galicia,261
1023,2020-04-12,12,Galicia,274
1024,2020-04-13,12,Galicia,284
1025,2020-04-14,12,Galicia,290
1026,2020-04-15,12,Galicia,299
1027,2020-04-16,12,Galicia,310
1028,2020-04-17,12,Galicia,320
1029,2020-04-18,12,Galicia,334
1030,2020-04-19,12,Galicia,346
1031,2020-04-20,12,Galicia,352
1032,2020-04-21,12,Galicia,360
1033,2020-04-22,12,Galicia,368
1034,2020-04-23,12,Galicia,375
1035,2020-04-24,12,Galicia,382
1036,2020-04-25,12,Galicia,388
1037,2020-04-26,12,Galicia,394
1038,2020-04-27,12,Galicia,405
1039,2020-04-28,12,Galicia,412
1040,2020-04-29,12,Galicia,551
1041,2020-04-30,12,Galicia,551
1042,2020-05-01,12,Galicia,558
1043,2020-05-02,12,Galicia,563
1044,2020-05-03,12,Galicia,569
1045,2020-05-04,12,Galicia,575
1046,2020-05-05,12,Galicia,579
1047,2020-05-06,12,Galicia,588
1048,2020-05-07,12,Galicia,591
1049,2020-05-08,12,Galicia,592
1050,2020-05-09,12,Galicia,595
1051,2020-05-10,12,Galicia,596
1052,2020-05-11,12,Galicia,597
1053,2020-05-12,12,Galicia,598
1054,2020-05-13,12,Galicia,599
1055,2020-05-14,12,Galicia,603
1056,2020-05-15,12,Galicia,603
1057,2020-05-16,12,Galicia,604
1058,2020-05-17,12,Galicia,606
1059,2020-05-18,12,Galicia,607
1060,2020-05-19,12,Galicia,607
1061,2020-05-20,12,Galicia,607
1062,2020-05-21,12,Galicia,608
1063,2020-05-22,12,Galicia,609
1064,2020-05-23,12,Galicia,610
1065,2020-05-24,12,Galicia,613
1066,2020-03-04,13,Madrid,0
1067,2020-03-05,13,Madrid,1
1068,2020-03-06,13,Madrid,2
1069,2020-03-07,13,Madrid,4
1070,2020-03-08,13,Madrid,8
1071,2020-03-09,13,Madrid,16
1072,2020-03-10,13,Madrid,21
1073,2020-03-11,13,Madrid,31
1074,2020-03-12,13,Madrid,56
1075,2020-03-13,13,Madrid,81
1076,2020-03-14,13,Madrid,86
1077,2020-03-15,13,Madrid,213
1078,2020-03-16,13,Madrid,213
1079,2020-03-17,13,Madrid,355
1080,2020-03-18,13,Madrid,390
1081,2020-03-19,13,Madrid,498
1082,2020-03-20,13,Madrid,628
1083,2020-03-21,13,Madrid,804
1084,2020-03-22,13,Madrid,1021
1085,2020-03-23,13,Madrid,1263
1086,2020-03-24,13,Madrid,1535
1087,2020-03-25,13,Madrid,1825
1088,2020-03-26,13,Madrid,2090
1089,2020-03-27,13,Madrid,2412
1090,2020-03-28,13,Madrid,2757
1091,2020-03-29,13,Madrid,3082
1092,2020-03-30,13,Madrid,3392
1093,2020-03-31,13,Madrid,3603
1094,2020-04-01,13,Madrid,3865
1095,2020-04-02,13,Madrid,4175
1096,2020-04-03,13,Madrid,4483
1097,2020-04-04,13,Madrid,4723
1098,2020-04-05,13,Madrid,4941
1099,2020-04-06,13,Madrid,5136
1100,2020-04-07,13,Madrid,5371
1101,2020-04-08,13,Madrid,5586
1102,2020-04-09,13,Madrid,5800
1103,2020-04-10,13,Madrid,5972
1104,2020-04-11,13,Madrid,6084
1105,2020-04-12,13,Madrid,6278
1106,2020-04-13,13,Madrid,6423
1107,2020-04-14,13,Madrid,6568
1108,2020-04-15,13,Madrid,6724
1109,2020-04-16,13,Madrid,6877
1110,2020-04-17,13,Madrid,7007
1111,2020-04-18,13,Madrid,7132
1112,2020-04-19,13,Madrid,7239
1113,2020-04-20,13,Madrid,7351
1114,2020-04-21,13,Madrid,7460
1115,2020-04-22,13,Madrid,7577
1116,2020-04-23,13,Madrid,7684
1117,2020-04-24,13,Madrid,7765
1118,2020-04-25,13,Madrid,7848
1119,2020-04-26,13,Madrid,7922
1120,2020-04-27,13,Madrid,7986
1121,2020-04-28,13,Madrid,8048
1122,2020-04-29,13,Madrid,8105
1123,2020-04-30,13,Madrid,8176
1124,2020-05-01,13,Madrid,8222
1125,2020-05-02,13,Madrid,8292
1126,2020-05-03,13,Madrid,8332
1127,2020-05-04,13,Madrid,8376
1128,2020-05-05,13,Madrid,8420
1129,2020-05-06,13,Madrid,8466
1130,2020-05-07,13,Madrid,8504
1131,2020-05-08,13,Madrid,8552
1132,2020-05-09,13,Madrid,8598
1133,2020-05-10,13,Madrid,8644
1134,2020-05-11,13,Madrid,8683
1135,2020-05-12,13,Madrid,8720
1136,2020-05-13,13,Madrid,8760
1137,2020-05-14,13,Madrid,8779
1138,2020-05-15,13,Madrid,8809
1139,2020-05-16,13,Madrid,8826
1140,2020-05-17,13,Madrid,8847
1141,2020-05-18,13,Madrid,8863
1142,2020-05-19,13,Madrid,8894
1143,2020-05-20,13,Madrid,8912
1144,2020-05-21,13,Madrid,8931
1145,2020-05-22,13,Madrid,8944
1146,2020-05-23,13,Madrid,8956
1147,2020-05-24,13,Madrid,8977
1148,2020-03-04,19,Melilla,0
1149,2020-03-05,19,Melilla,0
1150,2020-03-06,19,Melilla,0
1151,2020-03-07,19,Melilla,0
1152,2020-03-08,19,Melilla,0
1153,2020-03-09,19,Melilla,0
1154,2020-03-10,19,Melilla,0
1155,2020-03-11,19,Melilla,0
1156,2020-03-12,19,Melilla,0
1157,2020-03-13,19,Melilla,0
1158,2020-03-14,19,Melilla,0
1159,2020-03-15,19,Melilla,0
1160,2020-03-16,19,Melilla,0
1161,2020-03-17,19,Melilla,0
1162,2020-03-18,19,Melilla,0
1163,2020-03-19,19,Melilla,0
1164,2020-03-20,19,Melilla,0
1165,2020-03-21,19,Melilla,0
1166,2020-03-22,19,Melilla,0
1167,2020-03-23,19,Melilla,0
1168,2020-03-24,19,Melilla,0
1169,2020-03-25,19,Melilla,0
1170,2020-03-26,19,Melilla,1
1171,2020-03-27,19,Melilla,1
1172,2020-03-28,19,Melilla,1
1173,2020-03-29,19,Melilla,1
1174,2020-03-30,19,Melilla,1
1175,2020-03-31,19,Melilla,1
1176,2020-04-01,19,Melilla,1
1177,2020-04-02,19,Melilla,1
1178,2020-04-03,19,Melilla,2
1179,2020-04-04,19,Melilla,2
1180,2020-04-05,19,Melilla,2
1181,2020-04-06,19,Melilla,2
1182,2020-04-07,19,Melilla,2
1183,2020-04-08,19,Melilla,2
1184,2020-04-09,19,Melilla,2
1185,2020-04-10,19,Melilla,2
1186,2020-04-11,19,Melilla,2
1187,2020-04-12,19,Melilla,2
1188,2020-04-13,19,Melilla,2
1189,2020-04-14,19,Melilla,2
1190,2020-04-15,19,Melilla,2
1191,2020-04-16,19,Melilla,2
1192,2020-04-17,19,Melilla,2
1193,2020-04-18,19,Melilla,2
1194,2020-04-19,19,Melilla,2
1195,2020-04-20,19,Melilla,2
1196,2020-04-21,19,Melilla,2
1197,2020-04-22,19,Melilla,2
1198,2020-04-23,19,Melilla,2
1199,2020-04-24,19,Melilla,2
1200,2020-04-25,19,Melilla,2
1201,2020-04-26,19,Melilla,2
1202,2020-04-27,19,Melilla,2
1203,2020-04-28,19,Melilla,2
1204,2020-04-29,19,Melilla,2
1205,2020-04-30,19,Melilla,2
1206,2020-05-01,19,Melilla,2
1207,2020-05-02,19,Melilla,2
1208,2020-05-03,19,Melilla,2
1209,2020-05-04,19,Melilla,2
1210,2020-05-05,19,Melilla,2
1211,2020-05-06,19,Melilla,2
1212,2020-05-07,19,Melilla,2
1213,2020-05-08,19,Melilla,2
1214,2020-05-09,19,Melilla,2
1215,2020-05-10,19,Melilla,2
1216,2020-05-11,19,Melilla,2
1217,2020-05-12,19,Melilla,2
1218,2020-05-13,19,Melilla,2
1219,2020-05-14,19,Melilla,2
1220,2020-05-15,19,Melilla,2
1221,2020-05-16,19,Melilla,2
1222,2020-05-17,19,Melilla,2
1223,2020-05-18,19,Melilla,2
1224,2020-05-19,19,Melilla,2
1225,2020-05-20,19,Melilla,2
1226,2020-05-21,19,Melilla,2
1227,2020-05-22,19,Melilla,2
1228,2020-05-23,19,Melilla,2
1229,2020-05-24,19,Melilla,2
1230,2020-03-04,14,Murcia,0
1231,2020-03-05,14,Murcia,0
1232,2020-03-06,14,Murcia,0
1233,2020-03-07,14,Murcia,0
1234,2020-03-08,14,Murcia,0
1235,2020-03-09,14,Murcia,0
1236,2020-03-10,14,Murcia,0
1237,2020-03-11,14,Murcia,0
1238,2020-03-12,14,Murcia,0
1239,2020-03-13,14,Murcia,0
1240,2020-03-14,14,Murcia,0
1241,2020-03-15,14,Murcia,0
1242,2020-03-16,14,Murcia,0
1243,2020-03-17,14,Murcia,0
1244,2020-03-18,14,Murcia,0
1245,2020-03-19,14,Murcia,0
1246,2020-03-20,14,Murcia,0
1247,2020-03-21,14,Murcia,1
1248,2020-03-22,14,Murcia,1
1249,2020-03-23,14,Murcia,2
1250,2020-03-24,14,Murcia,3
1251,2020-03-25,14,Murcia,5
1252,2020-03-26,14,Murcia,8
1253,2020-03-27,14,Murcia,15
1254,2020-03-28,14,Murcia,17
1255,2020-03-29,14,Murcia,20
1256,2020-03-30,14,Murcia,25
1257,2020-03-31,14,Murcia,34
1258,2020-04-01,14,Murcia,37
1259,2020-04-02,14,Murcia,42
1260,2020-04-03,14,Murcia,46
1261,2020-04-04,14,Murcia,51
1262,2020-04-05,14,Murcia,59
1263,2020-04-06,14,Murcia,68
1264,2020-04-07,14,Murcia,78
1265,2020-04-08,14,Murcia,85
1266,2020-04-09,14,Murcia,88
1267,2020-04-10,14,Murcia,90
1268,2020-04-11,14,Murcia,94
1269,2020-04-12,14,Murcia,97
1270,2020-04-13,14,Murcia,101
1271,2020-04-14,14,Murcia,106
1272,2020-04-15,14,Murcia,109
1273,2020-04-16,14,Murcia,111
1274,2020-04-17,14,Murcia,112
1275,2020-04-18,14,Murcia,115
1276,2020-04-19,14,Murcia,116
1277,2020-04-20,14,Murcia,117
1278,2020-04-21,14,Murcia,120
1279,2020-04-22,14,Murcia,123
1280,2020-04-23,14,Murcia,124
1281,2020-04-24,14,Murcia,125
1282,2020-04-25,14,Murcia,126
1283,2020-04-26,14,Murcia,127
1284,2020-04-27,14,Murcia,128
1285,2020-04-28,14,Murcia,130
1286,2020-04-29,14,Murcia,130
1287,2020-04-30,14,Murcia,130
1288,2020-05-01,14,Murcia,132
1289,2020-05-02,14,Murcia,132
1290,2020-05-03,14,Murcia,134
1291,2020-05-04,14,Murcia,134
1292,2020-05-05,14,Murcia,136
1293,2020-05-06,14,Murcia,136
1294,2020-05-07,14,Murcia,137
1295,2020-05-08,14,Murcia,137
1296,2020-05-09,14,Murcia,138
1297,2020-05-10,14,Murcia,139
1298,2020-05-11,14,Murcia,139
1299,2020-05-12,14,Murcia,139
1300,2020-05-13,14,Murcia,142
1301,2020-05-14,14,Murcia,142
1302,2020-05-15,14,Murcia,143
1303,2020-05-16,14,Murcia,144
1304,2020-05-17,14,Murcia,144
1305,2020-05-18,14,Murcia,145
1306,2020-05-19,14,Murcia,145
1307,2020-05-20,14,Murcia,148
1308,2020-05-21,14,Murcia,149
1309,2020-05-22,14,Murcia,149
1310,2020-05-23,14,Murcia,149
1311,2020-05-24,14,Murcia,149
1312,2020-03-04,15,Navarra,0
1313,2020-03-05,15,Navarra,0
1314,2020-03-06,15,Navarra,0
1315,2020-03-07,15,Navarra,0
1316,2020-03-08,15,Navarra,0
1317,2020-03-09,15,Navarra,0
1318,2020-03-10,15,Navarra,0
1319,2020-03-11,15,Navarra,0
1320,2020-03-12,15,Navarra,0
1321,2020-03-13,15,Navarra,0
1322,2020-03-14,15,Navarra,0
1323,2020-03-15,15,Navarra,0
1324,2020-03-16,15,Navarra,1
1325,2020-03-17,15,Navarra,2
1326,2020-03-18,15,Navarra,3
1327,2020-03-19,15,Navarra,4
1328,2020-03-20,15,Navarra,5
1329,2020-03-21,15,Navarra,9
1330,2020-03-22,15,Navarra,14
1331,2020-03-23,15,Navarra,24
1332,2020-03-24,15,Navarra,31
1333,2020-03-25,15,Navarra,33
1334,2020-03-26,15,Navarra,49
1335,2020-03-27,15,Navarra,58
1336,2020-03-28,15,Navarra,70
1337,2020-03-29,15,Navarra,84
1338,2020-03-30,15,Navarra,102
1339,2020-03-31,15,Navarra,113
1340,2020-04-01,15,Navarra,130
1341,2020-04-02,15,Navarra,141
1342,2020-04-03,15,Navarra,151
1343,2020-04-04,15,Navarra,171
1344,2020-04-05,15,Navarra,178
1345,2020-04-06,15,Navarra,187
1346,2020-04-07,15,Navarra,202
1347,2020-04-08,15,Navarra,206
1348,2020-04-09,15,Navarra,214
1349,2020-04-10,15,Navarra,218
1350,2020-04-11,15,Navarra,227
1351,2020-04-12,15,Navarra,232
1352,2020-04-13,15,Navarra,239
1353,2020-04-14,15,Navarra,249
1354,2020-04-15,15,Navarra,252
1355,2020-04-16,15,Navarra,261
1356,2020-04-17,15,Navarra,338
1357,2020-04-18,15,Navarra,354
1358,2020-04-19,15,Navarra,369
1359,2020-04-20,15,Navarra,385
1360,2020-04-21,15,Navarra,397
1361,2020-04-22,15,Navarra,401
1362,2020-04-23,15,Navarra,409
1363,2020-04-24,15,Navarra,417
1364,2020-04-25,15,Navarra,429
1365,2020-04-26,15,Navarra,431
1366,2020-04-27,15,Navarra,432
1367,2020-04-28,15,Navarra,432
1368,2020-04-29,15,Navarra,448
1369,2020-04-30,15,Navarra,451
1370,2020-05-01,15,Navarra,458
1371,2020-05-02,15,Navarra,460
1372,2020-05-03,15,Navarra,462
1373,2020-05-04,15,Navarra,466
1374,2020-05-05,15,Navarra,471
1375,2020-05-06,15,Navarra,476
1376,2020-05-07,15,Navarra,480
1377,2020-05-08,15,Navarra,484
1378,2020-05-09,15,Navarra,487
1379,2020-05-10,15,Navarra,488
1380,2020-05-11,15,Navarra,490
1381,2020-05-12,15,Navarra,493
1382,2020-05-13,15,Navarra,494
1383,2020-05-14,15,Navarra,498
1384,2020-05-15,15,Navarra,500
1385,2020-05-16,15,Navarra,501
1386,2020-05-17,15,Navarra,503
1387,2020-05-18,15,Navarra,503
1388,2020-05-19,15,Navarra,503
1389,2020-05-20,15,Navarra,503
1390,2020-05-21,15,Navarra,506
1391,2020-05-22,15,Navarra,508
1392,2020-05-23,15,Navarra,509
1393,2020-05-24,15,Navarra,509
1394,2020-03-04,16,País Vasco,0
1395,2020-03-05,16,País Vasco,1
1396,2020-03-06,16,País Vasco,1
1397,2020-03-07,16,País Vasco,1
1398,2020-03-08,16,País Vasco,5
1399,2020-03-09,16,País Vasco,6
1400,2020-03-10,16,País Vasco,6
1401,2020-03-11,16,País Vasco,6
1402,2020-03-12,16,País Vasco,11
1403,2020-03-13,16,País Vasco,14
1404,2020-03-14,16,País Vasco,14
1405,2020-03-15,16,País Vasco,23
1406,2020-03-16,16,País Vasco,23
1407,2020-03-17,16,País Vasco,36
1408,2020-03-18,16,País Vasco,40
1409,2020-03-19,16,País Vasco,53
1410,2020-03-20,16,País Vasco,71
1411,2020-03-21,16,País Vasco,85
1412,2020-03-22,16,País Vasco,97
1413,2020-03-23,16,País Vasco,120
1414,2020-03-24,16,País Vasco,133
1415,2020-03-25,16,País Vasco,155
1416,2020-03-26,16,País Vasco,180
1417,2020-03-27,16,País Vasco,207
1418,2020-03-28,16,País Vasco,241
1419,2020-03-29,16,País Vasco,265
1420,2020-03-30,16,País Vasco,297
1421,2020-03-31,16,País Vasco,325
1422,2020-04-01,16,País Vasco,369
1423,2020-04-02,16,País Vasco,412
1424,2020-04-03,16,País Vasco,444
1425,2020-04-04,16,País Vasco,477
1426,2020-04-05,16,País Vasco,515
1427,2020-04-06,16,País Vasco,548
1428,2020-04-07,16,País Vasco,586
1429,2020-04-08,16,País Vasco,635
1430,2020-04-09,16,País Vasco,689
1431,2020-04-10,16,País Vasco,729
1432,2020-04-11,16,País Vasco,765
1433,2020-04-12,16,País Vasco,804
1434,2020-04-13,16,País Vasco,831
1435,2020-04-14,16,País Vasco,859
1436,2020-04-15,16,País Vasco,902
1437,2020-04-16,16,País Vasco,956
1438,2020-04-17,16,País Vasco,992
1439,2020-04-18,16,País Vasco,1020
1440,2020-04-19,16,País Vasco,1062
1441,2020-04-20,16,País Vasco,1081
1442,2020-04-21,16,País Vasco,1103
1443,2020-04-22,16,País Vasco,1124
1444,2020-04-23,16,País Vasco,1167
1445,2020-04-24,16,País Vasco,1193
1446,2020-04-25,16,País Vasco,1212
1447,2020-04-26,16,País Vasco,1230
1448,2020-04-27,16,País Vasco,1241
1449,2020-04-28,16,País Vasco,1255
1450,2020-04-29,16,País Vasco,1274
1451,2020-04-30,16,País Vasco,1296
1452,2020-05-01,16,País Vasco,1312
1453,2020-05-02,16,País Vasco,1321
1454,2020-05-03,16,País Vasco,1329
1455,2020-05-04,16,País Vasco,1341
1456,2020-05-05,16,País Vasco,1353
1457,2020-05-06,16,País Vasco,1364
1458,2020-05-07,16,País Vasco,1383
1459,2020-05-08,16,País Vasco,1390
1460,2020-05-09,16,País Vasco,1403
1461,2020-05-10,16,País Vasco,1418
1462,2020-05-11,16,País Vasco,1423
1463,2020-05-12,16,País Vasco,1429
1464,2020-05-13,16,País Vasco,1442
1465,2020-05-14,16,País Vasco,1454
1466,2020-05-15,16,País Vasco,1454
1467,2020-05-16,16,País Vasco,1455
1468,2020-05-17,16,País Vasco,1459
1469,2020-05-18,16,País Vasco,1466
1470,2020-05-19,16,País Vasco,1470
1471,2020-05-20,16,País Vasco,1480
1472,2020-05-21,16,País Vasco,1483
1473,2020-05-22,16,País Vasco,1487
1474,2020-05-23,16,País Vasco,1494
1475,2020-05-24,16,País Vasco,1494
1476,2020-03-04,17,La Rioja,0
1477,2020-03-05,17,La Rioja,0
1478,2020-03-06,17,La Rioja,0
1479,2020-03-07,17,La Rioja,0
1480,2020-03-08,17,La Rioja,0
1481,2020-03-09,17,La Rioja,0
1482,2020-03-10,17,La Rioja,1
1483,2020-03-11,17,La Rioja,2
1484,2020-03-12,17,La Rioja,2
1485,2020-03-13,17,La Rioja,3
1486,2020-03-14,17,La Rioja,3
1487,2020-03-15,17,La Rioja,3
1488,2020-03-16,17,La Rioja,4
1489,2020-03-17,17,La Rioja,5
1490,2020-03-18,17,La Rioja,5
1491,2020-03-19,17,La Rioja,5
1492,2020-03-20,17,La Rioja,7
1493,2020-03-21,17,La Rioja,15
1494,2020-03-22,17,La Rioja,18
1495,2020-03-23,17,La Rioja,22
1496,2020-03-24,17,La Rioja,30
1497,2020-03-25,17,La Rioja,37
1498,2020-03-26,17,La Rioja,43
1499,2020-03-27,17,La Rioja,55
1500,2020-03-28,17,La Rioja,65
1501,2020-03-29,17,La Rioja,68
1502,2020-03-30,17,La Rioja,71
1503,2020-03-31,17,La Rioja,85
1504,2020-04-01,17,La Rioja,90
1505,2020-04-02,17,La Rioja,101
1506,2020-04-03,17,La Rioja,109
1507,2020-04-04,17,La Rioja,128
1508,2020-04-05,17,La Rioja,134
1509,2020-04-06,17,La Rioja,141
1510,2020-04-07,17,La Rioja,160
1511,2020-04-08,17,La Rioja,177
1512,2020-04-09,17,La Rioja,182
1513,2020-04-10,17,La Rioja,196
1514,2020-04-11,17,La Rioja,207
1515,2020-04-12,17,La Rioja,219
1516,2020-04-13,17,La Rioja,223
1517,2020-04-14,17,La Rioja,234
1518,2020-04-15,17,La Rioja,246
1519,2020-04-16,17,La Rioja,257
1520,2020-04-17,17,La Rioja,262
1521,2020-04-18,17,La Rioja,272
1522,2020-04-19,17,La Rioja,277
1523,2020-04-20,17,La Rioja,285
1524,2020-04-21,17,La Rioja,294
1525,2020-04-22,17,La Rioja,298
1526,2020-04-23,17,La Rioja,303
1527,2020-04-24,17,La Rioja,307
1528,2020-04-25,17,La Rioja,311
1529,2020-04-26,17,La Rioja,315
1530,2020-04-27,17,La Rioja,320
1531,2020-04-28,17,La Rioja,326
1532,2020-04-29,17,La Rioja,330
1533,2020-04-30,17,La Rioja,332
1534,2020-05-01,17,La Rioja,333
1535,2020-05-02,17,La Rioja,334
1536,2020-05-03,17,La Rioja,335
1537,2020-05-04,17,La Rioja,335
1538,2020-05-05,17,La Rioja,336
1539,2020-05-06,17,La Rioja,337
1540,2020-05-07,17,La Rioja,338
1541,2020-05-08,17,La Rioja,342
1542,2020-05-09,17,La Rioja,344
1543,2020-05-10,17,La Rioja,346
1544,2020-05-11,17,La Rioja,346
1545,2020-05-12,17,La Rioja,347
1546,2020-05-13,17,La Rioja,348
1547,2020-05-14,17,La Rioja,348
1548,2020-05-15,17,La Rioja,348
1549,2020-05-16,17,La Rioja,348
1550,2020-05-17,17,La Rioja,349
1551,2020-05-18,17,La Rioja,351
1552,2020-05-19,17,La Rioja,352
1553,2020-05-20,17,La Rioja,353
1554,2020-05-21,17,La Rioja,354
1555,2020-05-22,17,La Rioja,356
1556,2020-05-23,17,La Rioja,357
1557,2020-05-24,17,La Rioja,358
